{
  "feature_names": [
    "adx",
    "atr_pct",
    "di_spread",
    "ema_fast_gap",
    "ema_slow_gap",
    "ema_trend_gap",
    "boll_width_pct",
    "volume_log",
    "plan_confidence",
    "reward_risk",
    "risk_fraction",
    "leverage",
    "higher_aligned",
    "market_breadth",
    "strength_rank",
    "direction_long",
    "style_pullback",
    "style_breakout"
  ],
  "weights": [
    0.14689370334590915,
    -0.08592994511834677,
    -0.16953101830185624,
    0.014300941851596444,
    -0.07157885012753196,
    -0.2035424083493364,
    0.19182585151351766,
    -0.014701980398330825,
    -0.029686115405725685,
    0.0,
    3.6488683206548774e-18,
    0.0,
    0.0,
    0.0,
    0.0,
    -0.056193009837974296,
    0.0,
    0.0
  ],
  "bias": -1.1112270014388468,
  "threshold": 0.28,
  "means": [
    34.187089168186645,
    0.006959086291578875,
    -1.7830356048058729,
    0.0005761693889920774,
    0.0019003531047740874,
    0.0033856927702403945,
    0.025906844297259472,
    10.769689871973876,
    0.9075569408159228,
    4.0,
    0.014000000000000004,
    7.0,
    1.0,
    0.0,
    0.0,
    0.45337682271680735,
    1.0,
    0.0
  ],
  "scales": [
    9.295704828410923,
    0.0048142086620855005,
    11.24648458859654,
    0.005493110895949893,
    0.01726851065386144,
    0.03183101076525247,
    0.02792272143513845,
    1.181980971683363,
    0.05031009743797842,
    1.0,
    1.0,
    1.0,
    1.0,
    1.0,
    1.0,
    0.49782153362426973,
    1.0,
    1.0
  ]
}