{
  "feature_names": [
    "adx",
    "atr_pct",
    "di_spread",
    "ema_fast_gap",
    "ema_slow_gap",
    "ema_trend_gap",
    "boll_width_pct",
    "volume_log",
    "plan_confidence",
    "reward_risk",
    "risk_fraction",
    "leverage",
    "higher_aligned",
    "market_breadth",
    "strength_rank",
    "direction_long",
    "style_pullback",
    "style_breakout"
  ],
  "weights": [
    0.14565276362567053,
    -0.07749113053062712,
    -0.17885904793014892,
    -0.0029256361363623608,
    -0.07877946451252871,
    -0.17937342069312034,
    0.1795210034394901,
    -0.002157188770935317,
    -0.027255369387228043,
    0.0,
    1.8992706937408145e-18,
    0.0,
    0.0,
    0.0,
    0.0,
    -0.056757665686471434,
    0.0,
    0.0
  ],
  "bias": -1.1567308934061606,
  "threshold": 0.28,
  "means": [
    34.16397278205084,
    0.006773215795350934,
    -1.8307107017143214,
    0.0005658965564169282,
    0.0019426253944614944,
    0.003460507107817404,
    0.025113230184469065,
    10.765066289407901,
    0.9068053919461475,
    4.0,
    0.014000000000000002,
    7.0,
    1.0,
    0.0,
    0.0,
    0.4475609756097561,
    1.0,
    0.0
  ],
  "scales": [
    9.280391311277896,
    0.004678750530256818,
    11.234762348025967,
    0.005366017620758286,
    0.016907419676032327,
    0.03124288019631712,
    0.026963280633027404,
    1.192036106387293,
    0.05076242945814844,
    1.0,
    1.0,
    1.0,
    1.0,
    1.0,
    1.0,
    0.4972425451638259,
    1.0,
    1.0
  ]
}